Residue_index,Residue_ID,Residue_information
1,G,0.236
2,C,0.306
3,G,0.111
4,G,0.152
5,A,0.301
6,U,0.103
7,U,0.295
8,U,1.21
9,A,0.337
10,G,0.812
11,C,0.077
12,U,0.301
13,C,0.04
14,A,1.049
15,G,0.361
16,U,0.753
17,U,0.924
18,G,0.856
19,G,0.802
20,G,0.637
21,A,0.632
22,G,0.049
23,A,0.208
24,G,0.339
25,C,0.124
26,G,0.638
27,C,0.633
28,C,0.293
29,A,0.53
30,G,0.06
31,A,0.295
32,C,0.991
33,U,0.964
34,G,0.592
35,A,1.156
36,A,0.862
37,G,0.925
38,A,0.666
39,U,0.246
40,C,0.296
41,U,0.048
42,G,0.212
43,G,0.124
44,A,0.615
45,G,0.891
46,G,1.273
47,U,1.233
48,C,1.2
49,C,0.12
50,U,0.135
51,G,0.171
52,U,0.281
53,G,0.214
54,U,1.028
55,U,0.605
56,C,0.246
57,G,0.604
58,A,0.796
59,U,0.29
60,C,0.732
61,C,0.165
62,A,0.083
63,C,0.077
64,A,0.186
65,G,0.089
66,A,0.202
67,A,0.518
68,U,0.335
69,U,0.269
70,C,0.111
71,G,0.266
72,C,0.096
73,A,0.832
74,C,0.786
75,C,1.115
76,A,0.595
